,Unnamed: 0,time,longitude,latitude
0,0,14:43:40,106.403,4.57203
1,1,14:43:45,106.397,4.56325
2,2,14:43:55,106.391,4.55448
3,3,14:44:00,106.385,4.5457
4,4,14:44:04,106.379,4.53692
5,5,14:44:05,106.373,4.52814
6,6,14:44:10,106.368,4.51936
7,7,14:44:15,106.362,4.51058
8,8,14:44:20,106.356,4.5018
9,9,14:44:30,106.35,4.49302
10,10,14:44:35,106.344,4.48424
11,11,14:44:39,106.338,4.47547
12,12,14:44:40,106.332,4.46669
13,13,14:44:45,106.326,4.45791
14,14,14:44:50,106.321,4.44913
15,15,14:44:55,106.315,4.44035
16,16,14:45:05,106.309,4.43157
17,17,14:45:10,106.303,4.42279
18,18,14:45:14,106.297,4.41401
19,19,14:45:15,106.291,4.40523
20,20,14:45:20,106.285,4.39646
21,21,14:45:25,106.28,4.38768
22,22,14:45:30,106.274,4.3789
23,23,14:45:40,106.268,4.37012
24,24,14:45:45,106.262,4.36134
25,25,14:45:49,106.256,4.35256
26,26,14:45:50,106.25,4.34378
27,27,14:45:55,106.244,4.335
28,28,14:46:00,106.238,4.32622
29,29,14:46:05,106.233,4.31744
30,30,14:46:15,106.228,4.30803
31,31,14:46:20,106.224,4.2981
32,32,14:46:24,106.222,4.28782
33,33,14:46:25,106.221,4.27733
34,34,14:46:30,106.221,4.26679
35,35,14:46:35,106.222,4.25628
36,36,14:46:40,106.223,4.2458
37,37,14:46:50,106.224,4.23534
38,38,14:46:55,106.226,4.22491
39,39,14:46:59,106.228,4.21449
40,40,14:47:00,106.229,4.20408
41,41,14:47:05,106.231,4.19368
42,42,14:47:10,106.233,4.18331
43,43,14:47:15,106.235,4.17294
44,44,14:47:25,106.237,4.16257
45,45,14:47:30,106.239,4.15221
46,46,14:47:34,106.241,4.14184
47,47,14:47:35,106.243,4.13147
48,48,14:47:40,106.245,4.1211
49,49,14:47:45,106.247,4.11073
50,50,14:47:50,106.249,4.10036
51,51,14:48:00,106.251,4.08999
52,52,14:48:05,106.252,4.07963
53,53,14:48:09,106.254,4.06926
54,54,14:48:10,106.256,4.05889
55,55,14:48:15,106.258,4.04852
56,56,14:48:20,106.26,4.03815
57,57,14:48:25,106.262,4.02778
58,58,14:48:35,106.264,4.01741
59,59,14:48:40,106.266,4.00704
60,60,14:48:44,106.268,3.99668
61,61,14:48:45,106.27,3.98631
62,62,14:48:50,106.272,3.97594
63,63,14:48:55,106.274,3.96557
64,64,14:49:00,106.276,3.9552
65,65,14:49:10,106.278,3.94483
66,66,14:49:15,106.28,3.93446
67,67,14:49:19,106.282,3.9241
68,68,14:49:20,106.283,3.91373
69,69,14:49:25,106.285,3.90336
70,70,14:49:30,106.286,3.89283
71,71,14:49:35,106.286,3.8823
72,72,14:49:45,106.284,3.87192
73,73,14:49:50,106.281,3.86184
74,74,14:49:54,106.276,3.8522
75,75,14:49:55,106.271,3.84316
76,76,14:50:00,106.264,3.83483
77,77,14:50:05,106.257,3.82734
78,78,14:50:10,106.249,3.82056
79,79,14:50:20,106.241,3.81378
80,80,14:50:25,106.233,3.807
81,81,14:50:29,106.224,3.80022
82,82,14:50:30,106.216,3.79344
83,83,14:50:35,106.208,3.78666
84,84,14:50:40,106.2,3.77988
85,85,14:50:45,106.192,3.7731
86,86,14:50:55,106.184,3.76632
87,87,14:51:00,106.176,3.75954
88,88,14:51:04,106.168,3.75276
89,89,14:51:05,106.16,3.74598
90,90,14:51:10,106.152,3.7392
91,91,14:51:15,106.143,3.73242
92,92,14:51:20,106.135,3.72564
93,93,14:51:30,106.127,3.71886
94,94,14:51:35,106.119,3.71208
95,95,14:51:39,106.111,3.7053
96,96,14:51:40,106.103,3.69852
97,97,14:51:45,106.095,3.69174
98,98,14:51:50,106.088,3.68403
99,99,14:51:55,106.081,3.67552
100,100,14:52:05,106.076,3.66631
101,101,14:52:10,106.072,3.65655
102,102,14:52:14,106.069,3.64639
103,103,14:52:15,106.068,3.63595
104,104,14:52:20,106.068,3.62541
105,105,14:52:25,106.069,3.61491
106,106,14:52:30,106.071,3.6046
107,107,14:52:40,106.074,3.59464
108,108,14:52:45,106.079,3.58517
109,109,14:52:49,106.084,3.57606
110,110,14:52:50,106.09,3.56696
111,111,14:52:55,106.095,3.55786
112,112,14:53:00,106.1,3.54876
113,113,14:53:05,106.106,3.53966
114,114,14:53:15,106.111,3.53056
115,115,14:53:20,106.116,3.52146
116,116,14:53:24,106.122,3.51236
117,117,14:53:25,106.127,3.50326
118,118,14:53:30,106.132,3.49416
119,119,14:53:35,106.138,3.48506
120,120,14:53:40,106.143,3.47596
121,121,14:53:50,106.148,3.46686
122,122,14:53:55,106.154,3.45776
123,123,14:53:59,106.159,3.44866
124,124,14:54:00,106.164,3.43956
125,125,14:54:05,106.17,3.43046
126,126,14:54:10,106.175,3.42136
127,127,14:54:15,106.18,3.41226
128,128,14:54:25,106.186,3.40316
129,129,14:54:30,106.191,3.39406
130,130,14:54:34,106.196,3.38496
131,131,14:54:35,106.202,3.37586
132,132,14:54:40,106.207,3.36676
133,133,14:54:45,106.212,3.35766
134,134,14:54:50,106.218,3.34856
135,135,14:55:00,106.223,3.33946
136,136,14:55:05,106.228,3.33036
137,137,14:55:09,106.234,3.32126
138,138,14:55:10,106.239,3.31216
139,139,14:55:15,106.244,3.30306
140,140,14:55:20,106.25,3.29396
141,141,14:55:25,106.255,3.28486
142,142,14:55:35,106.261,3.27576
143,143,14:55:40,106.266,3.26666
144,144,14:55:44,106.271,3.25756
145,145,14:55:45,106.277,3.24846
146,146,14:55:50,106.282,3.23936
147,147,14:55:55,106.287,3.23026
148,148,14:56:00,106.293,3.22115
149,149,14:56:10,106.298,3.21205
150,150,14:56:15,106.303,3.20295
151,151,14:56:19,106.309,3.19385
152,152,14:56:20,106.314,3.18475
153,153,14:56:25,106.319,3.17565
154,154,14:56:30,106.325,3.16655
155,155,14:56:35,106.33,3.15745
156,156,14:56:45,106.335,3.14835
157,157,14:56:50,106.341,3.13925
158,158,14:56:54,106.346,3.13015
159,159,14:56:55,106.351,3.12105
160,160,14:57:00,106.357,3.11195
161,161,14:57:05,106.362,3.10285
162,162,14:57:10,106.367,3.09375
163,163,14:57:20,106.373,3.08465
164,164,14:57:25,106.378,3.07556
165,165,14:57:29,106.383,3.06646
166,166,14:57:30,106.389,3.05737
167,167,14:57:35,106.394,3.04827
168,168,14:57:40,106.399,3.03918
169,169,14:57:45,106.405,3.03008
170,170,14:57:55,106.41,3.02098
171,171,14:58:00,106.415,3.01189
172,172,14:58:04,106.421,3.00279
173,173,14:58:05,106.426,2.9937
174,174,14:58:10,106.432,2.9846
175,175,14:58:15,106.437,2.97551
176,176,14:58:20,106.442,2.96641
177,177,14:58:30,106.448,2.95732
178,178,14:58:35,106.453,2.94822
179,179,14:58:39,106.458,2.93913
180,180,14:58:40,106.464,2.93003
181,181,14:58:45,106.468,2.92036
182,182,14:58:50,106.471,2.91025
183,183,14:58:55,106.473,2.89998
184,184,14:59:05,106.475,2.88967
185,185,14:59:10,106.478,2.87934
186,186,14:59:14,106.48,2.86897
187,187,14:59:15,106.482,2.85861
188,188,14:59:20,106.483,2.84824
189,189,14:59:25,106.485,2.83787
190,190,14:59:30,106.487,2.82751
191,191,14:59:40,106.489,2.81714
192,192,14:59:45,106.491,2.80677
193,193,14:59:49,106.493,2.79641
194,194,14:59:50,106.495,2.78604
195,195,14:59:55,106.497,2.77567
196,196,15:00:00,106.499,2.7653
197,197,15:00:05,106.501,2.75494
198,198,15:00:15,106.503,2.74457
199,199,15:00:20,106.505,2.7342
200,200,15:00:24,106.507,2.72384
201,201,15:00:25,106.509,2.71347
202,202,15:00:30,106.511,2.7031
203,203,15:00:35,106.513,2.69274
204,204,15:00:40,106.515,2.68237
205,205,15:00:50,106.517,2.672
206,206,15:00:55,106.518,2.66163
207,207,15:00:59,106.52,2.65127
208,208,15:01:00,106.522,2.6409
209,209,15:01:05,106.524,2.63053
210,210,15:01:10,106.526,2.62017
211,211,15:01:15,106.528,2.6098
212,212,15:01:25,106.53,2.59943
213,213,15:01:30,106.532,2.58907
214,214,15:01:34,106.534,2.5787
215,215,15:01:35,106.536,2.56833
216,216,15:01:40,106.538,2.55797
217,217,15:01:45,106.54,2.5476
218,218,15:01:50,106.542,2.53724
