row_index,scenario_name,gif_path,n_steps,total_reward,termination_reasons
0,170321set1_1_KL01.csv_1_3K00.csv,,28,-15.383486282008791,drift_away
1,170321set1_1_SQ20.csv_1_QR21.csv,,45,-19.229194337328508,drift_away
2,170321set1_1_QR31.csv_1_3K30.csv,,39,1.9412786152567358,arrived
3,170321set1_1_KL41.csv_1_TR40.csv,,29,5.773231912582497,arrived
4,170321set1_1_GA50.csv_1_3K51.csv,,43,-18.64752169204465,drift_away
5,170321set1_1_3K61.csv_1_QR60.csv,,14,-16.834087955189883,loss_of_separation
6,170321set1_1_TR71.csv_1_3K70.csv,,28,-15.405276184668406,drift_away
7,170321set1_1_QR80.csv_1_QR81.csv,,40,4.218136453885205,arrived
8,170321set1_1_PR91.csv_1_PR90.csv,,28,-15.333642092961401,drift_away
9,170321set1_1_QR101.csv_1_PR100.csv,,29,-15.847881253952178,drift_away
10,170321set1_1_SQ111.csv_1_QR110.csv,,28,-15.290571704418918,drift_away
11,170321set1_1_SQ120.csv_1_PR121.csv,,43,-18.680971667160094,drift_away
12,170321set1_1_GA131.csv_1_3K130.csv,,28,-15.385396827531375,drift_away
13,170321set1_1_PR141.csv_1_QR140.csv,,14,-16.822583461503395,loss_of_separation
14,170321set1_1_SQ151.csv_1_KL150.csv,,38,2.1605019608378315,arrived
15,170321set1_1_SQ161.csv_1_QR160.csv,,34,4.104220026551421,arrived
16,170321set1_1_TR170.csv_1_SQ171.csv,,15,-16.58782942140659,loss_of_separation
17,170321set1_1_QR181.csv_1_3K180.csv,,36,3.615919299093621,arrived
18,170321set1_1_TR191.csv_1_GA190.csv,,14,-16.997080762147274,loss_of_separation
19,170321set1_1_PR200.csv_1_3K201.csv,,41,3.9209203202003096,arrived
20,170321set1_1_PR210.csv_1_QR211.csv,,21,-28.41533928251966,drift_away
21,170321set1_1_SQ221.csv_1_SQ220.csv,,34,3.912396171919628,arrived
22,170321set1_1_GA231.csv_1_GA230.csv,,29,5.429630506656558,arrived
23,170321set1_1_TR241.csv_1_GA240.csv,,35,3.9398605712819457,arrived
24,170321set1_1_PR250.csv_1_KL251.csv,,41,4.200055460414144,arrived
25,170321set1_1_QR261.csv_1_GA260.csv,,29,5.032180153507121,arrived
26,170321set1_1_3K271.csv_1_GA270.csv,,37,2.777154609775592,arrived
27,170321set1_1_GA281.csv_1_3K280.csv,,35,4.015421876127101,arrived
28,170621set1_1_PR01.csv_1_3K00.csv,,30,4.845809629843653,arrived
29,170621set1_1_KL10.csv_1_TR11.csv,,43,-18.877113950436637,drift_away
30,170621set1_1_TR20.csv_1_SQ21.csv,,43,-18.692412567212155,drift_away
31,170621set1_1_GA30.csv_1_GA31.csv,,42,-18.647237820440388,drift_away
32,170621set1_1_SQ41.csv_1_GA40.csv,,38,2.163677402262704,arrived
33,170621set1_1_QR51.csv_1_GA50.csv,,29,5.282665317745349,arrived
34,170621set1_1_3K61.csv_1_PR60.csv,,29,5.345658609870584,arrived
35,170621set1_1_QR71.csv_1_GA70.csv,,29,5.622243728814684,arrived
36,170621set1_1_KL81.csv_1_KL80.csv,,29,4.841161297910541,arrived
37,170621set1_1_TR90.csv_1_SQ91.csv,,43,-18.846238806289733,drift_away
38,170621set1_1_3K101.csv_1_3K100.csv,,28,-15.173893616699313,drift_away
39,170621set1_1_3K111.csv_1_TR110.csv,,29,5.556657556335322,arrived
40,170621set1_1_SQ121.csv_1_3K120.csv,,29,5.15544317863993,arrived
41,170621set1_1_PR131.csv_1_TR130.csv,,23,-17.973753336556488,loss_of_separation
42,170621set1_1_SQ141.csv_1_SQ140.csv,,14,-16.79654379530535,loss_of_separation
43,170621set1_1_TR151.csv_1_SQ150.csv,,28,-15.577670646611477,drift_away
44,170621set1_1_3K161.csv_1_SQ160.csv,,35,3.86636024621564,arrived
45,170621set1_1_SQ170.csv_1_3K171.csv,,43,-18.784114685557718,drift_away
46,170621set1_1_KL181.csv_1_KL180.csv,,28,-15.52800907881388,drift_away
47,170621set1_1_TR191.csv_1_3K190.csv,,38,2.318843269502806,arrived
48,170621set1_1_QR201.csv_1_QR200.csv,,14,-16.843279992661504,loss_of_separation
49,170621set1_1_GA211.csv_1_3K210.csv,,14,-16.916118645513862,loss_of_separation
50,170621set1_1_3K221.csv_1_KL220.csv,,38,2.3186574010347627,arrived
51,170621set1_1_TR231.csv_1_KL230.csv,,20,-18.21024347955347,loss_of_separation
52,170621set1_1_KL240.csv_1_3K241.csv,,43,-18.489604901152823,drift_away
53,170621set1_1_TR250.csv_1_SQ251.csv,,43,-18.59410253627025,drift_away
54,170621set1_1_QR260.csv_1_3K261.csv,,42,-18.486329688961284,drift_away
55,170621set1_1_PR271.csv_1_3K270.csv,,38,2.372655048131703,arrived
56,170621set1_1_QR281.csv_1_SQ280.csv,,29,-16.07202871796448,drift_away
57,170621set1_1_PR291.csv_1_GA290.csv,,30,4.958133512366559,arrived
58,170621set1_1_GA301.csv_1_QR300.csv,,39,1.808816533703201,arrived
59,170621set1_1_GA311.csv_1_SQ310.csv,,14,-16.842331205526545,loss_of_separation
60,170621set1_1_SQ330.csv_1_QR331.csv,,43,-18.62560536011608,drift_away
61,170621set1_1_KL341.csv_1_SQ340.csv,,14,-16.83030131988714,loss_of_separation
62,170621set1_1_QR350.csv_1_PR351.csv,,43,-18.89120383176612,drift_away
63,170621set1_1_KL360.csv_1_QR361.csv,,42,-18.540028029631777,drift_away
64,170621set1_1_SQ380.csv_1_KL381.csv,,42,-18.377772466286245,drift_away
65,170621set1_1_PR391.csv_1_GA390.csv,,31,4.629923750040544,arrived
66,120321set1_1_3K00.csv_1_PR01.csv,,42,-18.3499869735342,drift_away
67,120321set1_1_SQ21.csv_1_KL20.csv,,14,-17.299954331559398,loss_of_separation
68,120321set1_1_TR31.csv_1_SQ30.csv,,29,5.371837558937547,arrived
69,120321set1_1_TR51.csv_1_3K50.csv,,28,-15.323107063109585,drift_away
70,120321set1_1_KL60.csv_1_GA61.csv,,42,-18.533214705842127,drift_away
71,120321set1_1_KL70.csv_1_QR71.csv,,42,-18.480348686888625,drift_away
72,120321set1_1_3K81.csv_1_SQ80.csv,,29,5.207852034641642,arrived
73,120321set1_1_3K91.csv_1_SQ90.csv,,28,-15.251523511569653,drift_away
74,120321set1_1_3K101.csv_1_KL100.csv,,29,5.78418540337447,arrived
75,120321set1_1_SQ110.csv_1_KL111.csv,,11,-16.648673998703092,loss_of_separation
76,120321set1_1_SQ120.csv_1_GA121.csv,,42,-18.452163019047592,drift_away
77,120321set1_1_TR130.csv_1_PR131.csv,,42,-18.598506573614902,drift_away
78,120321set1_1_3K150.csv_1_QR151.csv,,21,-26.71233509646019,drift_away
79,120321set1_1_TR160.csv_1_PR161.csv,,11,-16.785199907368717,loss_of_separation
80,120321set1_1_KL170.csv_1_QR171.csv,,42,-18.238086251667013,drift_away
81,120321set1_1_3K181.csv_1_TR180.csv,,25,-29.127756451880945,drift_away
82,120321set1_1_QR191.csv_1_PR190.csv,,29,5.450634682448541,arrived
83,120321set1_1_QR201.csv_1_3K200.csv,,36,3.659935183357528,arrived
84,120321set1_1_QR211.csv_1_SQ210.csv,,14,-16.96236549843486,loss_of_separation
85,120321set1_1_SQ221.csv_1_TR220.csv,,29,5.22340701252909,arrived
86,120321set1_1_QR231.csv_1_PR230.csv,,14,-15.033742990673185,loss_of_separation
87,120321set1_1_GA241.csv_1_KL240.csv,,36,4.053743504593633,arrived
88,120321set1_1_QR251.csv_1_QR250.csv,,28,-15.21698403648502,drift_away
89,120321set1_1_PR261.csv_1_QR260.csv,,34,4.269774674521176,arrived
90,120321set1_1_KL270.csv_1_PR271.csv,,15,-16.513627712735918,loss_of_separation
91,120321set1_1_KL281.csv_1_TR280.csv,,39,1.448987396609608,arrived
92,140521set2_1_3K01.csv_1_QR00.csv,,24,-18.221668110930487,loss_of_separation
93,140521set2_1_TR11.csv_1_QR10.csv,,35,3.974792320040545,arrived
94,140521set2_1_QR21.csv_1_3K20.csv,,34,4.111011207753475,arrived
95,140521set2_1_PR31.csv_1_GA30.csv,,23,-18.266141665498836,loss_of_separation
96,140521set2_1_3K41.csv_1_SQ40.csv,,38,2.4432837149145588,arrived
97,140521set2_1_QR51.csv_1_3K50.csv,,38,2.0933793784367127,arrived
98,140521set2_1_3K61.csv_1_GA60.csv,,28,-15.523105164898357,drift_away
99,140521set2_1_SQ71.csv_1_3K70.csv,,14,-16.828928302912324,loss_of_separation
100,140521set2_1_KL81.csv_1_3K80.csv,,35,3.8010691989792127,arrived
101,140521set2_1_GA91.csv_1_PR90.csv,,30,5.322990234313273,arrived
102,140521set2_1_GA101.csv_1_SQ100.csv,,29,5.674829900984497,arrived
103,140521set2_1_3K111.csv_1_3K110.csv,,39,1.774585490633541,arrived
104,140521set2_1_QR121.csv_1_KL120.csv,,37,2.2027366141278675,arrived
105,140521set2_1_KL131.csv_1_SQ130.csv,,28,-15.561399541584048,drift_away
106,140521set2_1_GA141.csv_1_3K140.csv,,37,2.333260332151009,arrived
107,140521set2_1_SQ151.csv_1_TR150.csv,,28,-15.383486282008791,drift_away
108,140521set2_1_PR161.csv_1_KL160.csv,,38,2.226600020376922,arrived
109,140521set2_1_3K171.csv_1_PR170.csv,,29,5.8908235813747645,arrived
110,140521set2_1_SQ181.csv_1_KL180.csv,,20,-18.349833545764564,loss_of_separation
111,140521set2_1_SQ191.csv_1_SQ190.csv,,14,-16.81202353180578,loss_of_separation
112,140521set2_1_3K201.csv_1_3K200.csv,,30,5.365945607392541,arrived
113,140521set2_1_KL211.csv_1_3K210.csv,,14,-16.904710134504743,loss_of_separation
114,140521set2_1_GA221.csv_1_GA220.csv,,22,-18.256501937425792,loss_of_separation
115,140521set2_1_TR230.csv_1_SQ231.csv,,43,-18.877113950436637,drift_away
116,140521set2_1_TR241.csv_1_PR240.csv,,29,6.008074524468535,arrived
117,140521set2_1_PR251.csv_1_TR250.csv,,14,-16.935751786856876,loss_of_separation
118,140521set2_1_KL261.csv_1_GA260.csv,,29,5.768895472193262,arrived
119,140521set2_1_SQ271.csv_1_GA270.csv,,30,5.279553740952141,arrived
120,140521set2_1_PR280.csv_1_PR281.csv,,43,-18.65517211518828,drift_away
121,140521set2_1_SQ290.csv_1_KL291.csv,,43,-18.638254293348226,drift_away
122,050421set2_1_TR01.csv_1_SQ00.csv,,20,-14.52224714373959,loss_of_separation
123,050421set2_1_KL10.csv_1_3K11.csv,,44,-18.565892484708442,drift_away
124,050421set2_1_TR21.csv_1_SQ20.csv,,35,4.208422338571127,arrived
125,050421set2_1_TR31.csv_1_KL30.csv,,38,2.534486576366062,arrived
126,050421set2_1_TR41.csv_1_KL40.csv,,28,-15.359180094575805,drift_away
127,050421set2_1_TR51.csv_1_QR50.csv,,14,-16.76462124185204,loss_of_separation
128,050421set2_1_TR61.csv_1_GA60.csv,,28,-15.221665869368227,drift_away
129,050421set2_1_SQ70.csv_1_GA71.csv,,43,-18.78409776263176,drift_away
130,050421set2_1_TR81.csv_1_GA80.csv,,28,-15.462400132218674,drift_away
131,050421set2_1_3K91.csv_1_TR90.csv,,14,-16.772749862818888,loss_of_separation
132,050421set2_1_PR101.csv_1_GA100.csv,,35,3.8029423274839953,arrived
133,050421set2_1_PR111.csv_1_KL110.csv,,14,-16.88650645903562,loss_of_separation
134,050421set2_1_TR120.csv_1_PR121.csv,,45,-19.043732794118135,drift_away
135,050421set2_1_SQ131.csv_1_3K130.csv,,14,-16.913574536896185,loss_of_separation
136,050421set2_1_3K140.csv_1_QR141.csv,,43,-18.691638132759365,drift_away
137,050421set2_1_GA151.csv_1_PR150.csv,,38,2.2007440012379558,arrived
138,050421set2_1_3K161.csv_1_3K160.csv,,36,3.732492851283043,arrived
139,050421set2_1_GA171.csv_1_KL170.csv,,23,-17.915451272430772,loss_of_separation
140,050421set2_1_KL181.csv_1_PR180.csv,,35,3.9398605712819457,arrived
141,050421set2_1_3K191.csv_1_GA190.csv,,39,1.6535723098253285,arrived
142,050421set2_1_TR200.csv_1_TR201.csv,,43,-18.31042615475793,drift_away
143,050421set2_1_KL211.csv_1_GA210.csv,,14,-16.957799338227748,loss_of_separation
144,050421set2_1_TR221.csv_1_3K220.csv,,14,-16.861740350005803,loss_of_separation
145,050421set2_1_SQ231.csv_1_3K230.csv,,14,-16.966641242476275,loss_of_separation
146,050421set2_1_KL241.csv_1_PR240.csv,,24,-14.577128695184799,loss_of_separation
147,050421set2_1_KL251.csv_1_TR250.csv,,37,2.6380351040598633,arrived
148,050421set2_1_KL260.csv_1_QR261.csv,,44,-19.02554101985754,drift_away
149,050421set2_1_TR271.csv_1_KL270.csv,,23,-18.53319100755937,loss_of_separation
150,050421set2_1_GA281.csv_1_GA280.csv,,14,-16.868931540118517,loss_of_separation
151,050421set2_1_KL291.csv_1_TR290.csv,,14,-16.94907150257879,loss_of_separation
152,170321set3_1_KL01.csv_1_QR00.csv,,28,-15.296548595179798,drift_away
153,170321set3_1_QR11.csv_1_TR10.csv,,14,-16.834210063538407,loss_of_separation
154,170321set3_1_SQ21.csv_1_GA20.csv,,28,-15.356348548438117,drift_away
155,170321set3_1_KL31.csv_1_QR30.csv,,28,-15.435737241492813,drift_away
156,170321set3_1_TR41.csv_1_SQ40.csv,,28,-15.248195604511174,drift_away
157,170321set3_1_QR51.csv_1_GA50.csv,,37,5.272956914037323,arrived
158,170321set3_1_GA61.csv_1_3K60.csv,,29,5.679644481961453,arrived
159,170321set3_1_SQ71.csv_1_PR70.csv,,28,-15.702960368428403,drift_away
160,170321set3_1_3K81.csv_1_TR80.csv,,23,-17.87080380332167,loss_of_separation
161,170321set3_1_QR91.csv_1_QR90.csv,,28,-15.534524998378878,drift_away
162,170321set3_1_PR101.csv_1_KL100.csv,,38,2.3517110693161527,arrived
163,170321set3_1_3K111.csv_1_QR110.csv,,29,5.479079468150249,arrived
164,170321set3_1_3K121.csv_1_GA120.csv,,23,-18.05781767909823,loss_of_separation
165,170321set3_1_TR130.csv_1_KL131.csv,,44,-18.60917736302474,drift_away
166,170321set3_1_TR141.csv_1_3K140.csv,,38,2.377081010794842,arrived
167,170321set3_1_SQ151.csv_1_GA150.csv,,28,-15.346246082916284,drift_away
168,170321set3_1_3K160.csv_1_PR161.csv,,42,-18.255786842191306,drift_away
169,170321set3_1_PR171.csv_1_GA170.csv,,22,-17.866070560857935,loss_of_separation
170,170321set3_1_PR181.csv_1_TR180.csv,,37,2.612961419979065,arrived
171,170321set3_1_QR191.csv_1_KL190.csv,,29,5.533498073591636,arrived
172,170321set3_1_GA201.csv_1_KL200.csv,,14,-16.828017910281428,loss_of_separation
173,170321set3_1_GA211.csv_1_3K210.csv,,29,5.742277253126913,arrived
174,170321set3_1_KL220.csv_1_PR221.csv,,43,-18.588003490481313,drift_away
175,170321set3_1_PR231.csv_1_KL230.csv,,37,2.9034918894466903,arrived
176,170321set3_1_SQ241.csv_1_KL240.csv,,29,5.603990151953637,arrived
177,170321set3_1_TR251.csv_1_GA250.csv,,21,-18.06345575349298,loss_of_separation
178,170321set3_1_PR271.csv_1_TR270.csv,,28,-15.48704756567191,drift_away
179,170321set3_1_PR280.csv_1_TR281.csv,,42,-18.209795617690872,drift_away
180,170321set3_1_KL291.csv_1_3K290.csv,,35,4.070701903533754,arrived
181,030321set1_1_TR01.csv_1_KL00.csv,,28,-15.451170079650952,drift_away
182,030321set1_1_TR11.csv_1_TR10.csv,,30,5.519169203722199,arrived
183,030321set1_1_KL20.csv_1_KL21.csv,,43,-18.36185045209087,drift_away
184,030321set1_1_GA30.csv_1_KL31.csv,,42,-18.403046152020938,drift_away
185,030321set1_1_KL41.csv_1_QR40.csv,,29,5.757510747455609,arrived
186,030321set1_1_PR51.csv_1_PR50.csv,,29,6.0269165832224125,arrived
187,030321set1_1_3K61.csv_1_3K60.csv,,38,1.8815524974864157,arrived
188,030321set1_1_TR70.csv_1_3K71.csv,,43,-18.64408625765513,drift_away
189,030321set1_1_3K81.csv_1_SQ80.csv,,29,5.5061457029635354,arrived
190,030321set1_1_PR91.csv_1_KL90.csv,,29,5.457234255051594,arrived
191,030321set1_1_3K101.csv_1_PR100.csv,,38,2.37476379045761,arrived
192,030321set1_1_3K111.csv_1_KL110.csv,,38,1.8265640220482453,arrived
193,030321set1_1_SQ120.csv_1_QR121.csv,,41,4.04939709941314,arrived
194,030321set1_1_KL130.csv_1_GA131.csv,,42,4.06771447328828,arrived
195,030321set1_1_KL140.csv_1_3K141.csv,,21,-28.42932771020584,drift_away
196,100621set2_1_GA00.csv_1_TR01.csv,,43,-18.52870227177963,drift_away
197,100621set2_1_GA11.csv_1_GA10.csv,,37,2.280980556245561,arrived
198,100621set2_1_SQ21.csv_1_GA20.csv,,29,5.6379210387172005,arrived
199,100621set2_1_KL31.csv_1_TR30.csv,,30,4.945434963391349,arrived
200,100621set2_1_3K41.csv_1_3K40.csv,,28,-15.40413950805376,drift_away
201,100621set2_1_QR51.csv_1_TR50.csv,,29,5.340451527307984,arrived
202,100621set2_1_QR61.csv_1_GA60.csv,,38,2.222858311716328,arrived
203,100621set2_1_3K71.csv_1_QR70.csv,,24,-18.376142343618405,loss_of_separation
204,100621set2_1_GA80.csv_1_SQ81.csv,,43,-18.547920630636433,drift_away
205,100621set2_1_3K91.csv_1_PR90.csv,,30,5.238275405677156,arrived
206,100621set2_1_KL100.csv_1_3K101.csv,,43,-18.925159030582115,drift_away
207,100621set2_1_3K111.csv_1_KL110.csv,,29,5.620869552770238,arrived
208,100621set2_1_QR121.csv_1_3K120.csv,,28,-15.265461541967994,drift_away
209,100621set2_1_TR130.csv_1_TR131.csv,,43,-18.413957000812275,drift_away
210,100621set2_1_TR141.csv_1_QR140.csv,,23,-18.349316054808668,loss_of_separation
211,100621set2_1_PR151.csv_1_PR150.csv,,28,-15.229182390862679,drift_away
212,100621set2_1_TR161.csv_1_PR160.csv,,14,-16.769447327760865,loss_of_separation
213,100621set2_1_3K171.csv_1_3K170.csv,,28,-15.489294879869608,drift_away
214,100621set2_1_QR181.csv_1_QR180.csv,,38,2.584131005137925,arrived
215,100621set2_1_QR201.csv_1_PR200.csv,,28,-15.346578744523432,drift_away
216,100621set2_1_3K211.csv_1_KL210.csv,,29,-15.847958023277853,drift_away
217,100621set2_1_GA221.csv_1_KL220.csv,,28,-15.539734258407641,drift_away
218,100621set2_1_QR230.csv_1_GA231.csv,,43,-18.651313815124077,drift_away
219,100621set2_1_GA240.csv_1_KL241.csv,,42,-18.477800486696353,drift_away
220,100621set2_1_PR250.csv_1_TR251.csv,,42,-18.533174857904868,drift_away
221,100621set2_1_KL260.csv_1_SQ261.csv,,42,-18.2367735540738,drift_away
222,100621set2_1_3K271.csv_1_SQ270.csv,,29,5.839459612063237,arrived
223,100621set2_1_SQ280.csv_1_TR281.csv,,42,-18.33505845284988,drift_away
224,010321set1_1_SQ00.csv_1_TR01.csv,,43,-17.94470465814865,drift_away
225,010321set1_1_QR10.csv_1_GA11.csv,,41,3.726928602736594,arrived
226,010321set1_1_QR31.csv_1_GA30.csv,,28,-15.138789185041258,drift_away
227,010321set1_1_3K40.csv_1_GA41.csv,,11,-16.404238635490636,loss_of_separation
228,010321set1_1_GA51.csv_1_TR50.csv,,44,-19.47328568186777,drift_away
229,010321set1_1_TR60.csv_1_QR61.csv,,42,-18.331267723781632,drift_away
230,010321set1_1_PR71.csv_1_GA70.csv,,30,5.064335391834265,arrived
231,010321set1_1_SQ81.csv_1_TR80.csv,,30,5.069815046814527,arrived
232,010321set1_1_PR91.csv_1_3K90.csv,,30,5.352064824210062,arrived
233,010321set1_1_GA101.csv_1_PR100.csv,,28,-15.197179194823331,drift_away
234,010321set1_1_PR111.csv_1_SQ110.csv,,28,-15.085777219587229,drift_away
235,010321set1_1_KL130.csv_1_3K131.csv,,43,-18.365929418935657,drift_away
236,010321set1_1_3K140.csv_1_TR141.csv,,11,-16.43449575555993,loss_of_separation
237,010321set1_1_KL151.csv_1_SQ150.csv,,30,4.630721476680003,arrived
238,010321set1_1_SQ160.csv_1_GA161.csv,,43,-18.282410224548865,drift_away
239,010321set1_1_QR171.csv_1_GA170.csv,,13,-17.04370034667726,loss_of_separation
240,010321set1_1_GA181.csv_1_TR180.csv,,13,-17.086195065328788,loss_of_separation
241,010321set1_1_GA190.csv_1_QR191.csv,,44,-18.60572232611039,drift_away
242,010321set1_1_GA201.csv_1_SQ200.csv,,29,5.711836807381151,arrived
243,010321set1_1_GA210.csv_1_GA211.csv,,11,-16.44568898028477,loss_of_separation
244,010321set1_1_QR221.csv_1_QR220.csv,,29,5.23078448749509,arrived
245,010321set1_1_KL231.csv_1_QR230.csv,,28,-15.275176154547887,drift_away
246,010321set1_1_TR241.csv_1_QR240.csv,,29,5.435810237325718,arrived
247,010321set1_1_TR251.csv_1_TR250.csv,,28,-15.016040928984971,drift_away
248,010321set1_1_3K260.csv_1_PR261.csv,,44,-18.70192720247036,drift_away
249,010321set1_1_PR271.csv_1_PR270.csv,,28,-15.376169848617323,drift_away
250,010321set1_1_SQ280.csv_1_PR281.csv,,49,1.2407717972959134,arrived
251,010321set1_1_PR290.csv_1_SQ291.csv,,40,4.060118941564595,arrived
252,140521set1_1_PR01.csv_1_3K00.csv,,28,-15.291325271635438,drift_away
253,140521set1_1_QR11.csv_1_KL10.csv,,14,-17.127070637723456,loss_of_separation
254,140521set1_1_3K20.csv_1_TR21.csv,,43,-18.74349599128007,drift_away
255,140521set1_1_KL30.csv_1_KL31.csv,,43,-18.58899017255424,drift_away
256,140521set1_1_QR41.csv_1_3K40.csv,,38,2.1354997423704782,arrived
257,140521set1_1_KL51.csv_1_GA50.csv,,14,-17.103803126498523,loss_of_separation
258,140521set1_1_GA61.csv_1_TR60.csv,,21,-18.11009330246697,loss_of_separation
259,140521set1_1_QR71.csv_1_KL70.csv,,28,-15.424438096333056,drift_away
260,140521set1_1_PR80.csv_1_SQ81.csv,,43,-19.11732342481031,drift_away
261,140521set1_1_GA90.csv_1_KL91.csv,,40,4.167672931188216,arrived
262,140521set1_1_GA101.csv_1_SQ100.csv,,23,-18.44381970191225,loss_of_separation
263,140521set1_1_SQ111.csv_1_GA110.csv,,29,5.425923301303019,arrived
264,140521set1_1_QR121.csv_1_PR120.csv,,30,4.828059713118363,arrived
265,140521set1_1_SQ140.csv_1_KL141.csv,,43,-18.489604901152823,drift_away
266,140521set1_1_KL151.csv_1_GA150.csv,,35,3.947584371287534,arrived
267,140521set1_1_GA160.csv_1_TR161.csv,,43,-18.856678054828855,drift_away
268,140521set1_1_GA171.csv_1_PR170.csv,,28,-15.149477325119463,drift_away
269,140521set1_1_3K181.csv_1_SQ180.csv,,15,-15.082448479169257,loss_of_separation
270,140521set1_1_TR191.csv_1_PR190.csv,,28,-15.359545884481093,drift_away
271,140521set1_1_3K200.csv_1_SQ201.csv,,43,-18.626793142982358,drift_away
272,140521set1_1_TR211.csv_1_PR210.csv,,29,5.3559483002329875,arrived
273,140521set1_1_3K220.csv_1_PR221.csv,,43,-18.226037024997943,drift_away
274,140521set1_1_TR231.csv_1_GA230.csv,,28,-15.557460033305464,drift_away
275,140521set1_1_SQ240.csv_1_3K241.csv,,43,-18.89875997520274,drift_away
276,140521set1_1_PR250.csv_1_SQ251.csv,,42,-18.153126764220325,drift_away
277,140521set1_1_PR261.csv_1_GA260.csv,,35,3.7335335546043815,arrived
278,140521set1_1_TR271.csv_1_KL270.csv,,35,4.1384818581849006,arrived
279,140521set1_1_PR281.csv_1_SQ280.csv,,28,-15.270527937205708,drift_away
280,140521set1_1_KL291.csv_1_3K290.csv,,28,-15.094935810168082,drift_away
281,150321set1_1_PR01.csv_1_PR00.csv,,35,3.604282049846546,arrived
282,150321set1_1_TR11.csv_1_PR10.csv,,28,-15.557798284821098,drift_away
283,150321set1_1_TR21.csv_1_KL20.csv,,14,-16.962290141976645,loss_of_separation
284,150321set1_1_SQ31.csv_1_KL30.csv,,28,-15.448819339193049,drift_away
285,150321set1_1_KL41.csv_1_3K40.csv,,29,5.558812670149875,arrived
286,150321set1_1_3K51.csv_1_3K50.csv,,14,-16.845075702146094,loss_of_separation
287,150321set1_1_TR61.csv_1_SQ60.csv,,14,-16.845075702146094,loss_of_separation
288,150321set1_1_QR71.csv_1_TR70.csv,,29,-15.3953171771848,drift_away
289,150321set1_1_3K80.csv_1_PR81.csv,,41,3.8122605563416467,arrived
290,150321set1_1_GA90.csv_1_KL91.csv,,41,3.5108896859282392,arrived
291,150321set1_1_TR101.csv_1_QR100.csv,,39,1.8005580444968725,arrived
292,150321set1_1_QR111.csv_1_TR110.csv,,29,5.094967016263883,arrived
293,150321set1_1_TR121.csv_1_3K120.csv,,28,-15.443683259125256,drift_away
294,150321set1_1_TR131.csv_1_GA130.csv,,14,-16.79393676403693,loss_of_separation
295,150321set1_1_GA141.csv_1_SQ140.csv,,29,5.6870042602574395,arrived
296,150321set1_1_PR151.csv_1_3K150.csv,,29,4.857788679833175,arrived
297,150321set1_1_QR160.csv_1_PR161.csv,,43,-18.19895332893328,drift_away
298,150321set1_1_SQ171.csv_1_KL170.csv,,28,-15.31779048574495,drift_away
299,150321set1_1_QR181.csv_1_GA180.csv,,29,-15.66416933190914,drift_away
300,150321set1_1_QR191.csv_1_PR190.csv,,29,5.604672482553362,arrived
301,150321set1_1_QR201.csv_1_3K200.csv,,35,3.853301950465365,arrived
302,150321set1_1_SQ221.csv_1_TR220.csv,,29,6.011633625875509,arrived
303,150321set1_1_QR231.csv_1_PR230.csv,,28,-15.47523287629025,drift_away
304,150321set1_1_GA241.csv_1_KL240.csv,,14,-16.975580083957563,loss_of_separation
305,150321set1_1_QR251.csv_1_QR250.csv,,29,-15.893025409170924,drift_away
306,150321set1_1_PR261.csv_1_QR260.csv,,35,3.966238392574442,arrived
307,150321set1_1_PR271.csv_1_KL270.csv,,29,4.948133155018869,arrived
308,150321set1_1_TR280.csv_1_KL281.csv,,41,3.5724782815172507,arrived
309,150321set1_1_KL291.csv_1_KL290.csv,,38,5.027483507663227,arrived
310,310321set2_1_GA01.csv_1_KL00.csv,,38,2.286576010400802,arrived
311,310321set2_1_TR11.csv_1_3K10.csv,,38,1.99058834292462,arrived
312,310321set2_1_SQ20.csv_1_GA21.csv,,43,-18.36646097000891,drift_away
313,310321set2_1_SQ31.csv_1_TR30.csv,,29,5.079777691720577,arrived
314,310321set2_1_KL41.csv_1_SQ40.csv,,29,5.7770192097689215,arrived
315,310321set2_1_TR51.csv_1_TR50.csv,,35,4.059095752263428,arrived
316,310321set2_1_KL61.csv_1_SQ60.csv,,22,-18.374216943728708,loss_of_separation
317,310321set2_1_TR71.csv_1_SQ70.csv,,35,3.8376572473911112,arrived
318,310321set2_1_SQ80.csv_1_KL81.csv,,43,-18.403206537297454,drift_away
319,310321set2_1_TR91.csv_1_QR90.csv,,29,5.481114312339201,arrived
320,310321set2_1_PR100.csv_1_PR101.csv,,43,-18.678353771715656,drift_away
321,310321set2_1_KL111.csv_1_TR110.csv,,38,2.6755005272185324,arrived
322,310321set2_1_KL121.csv_1_TR120.csv,,30,5.1635783993878706,arrived
323,310321set2_1_GA131.csv_1_GA130.csv,,37,2.646893937817829,arrived
324,310321set2_1_3K141.csv_1_3K140.csv,,14,-16.92733085873166,loss_of_separation
325,310321set2_1_TR151.csv_1_QR150.csv,,14,-16.796555314946833,loss_of_separation
326,310321set2_1_TR161.csv_1_KL160.csv,,14,-17.1473048756574,loss_of_separation
327,310321set2_1_3K171.csv_1_QR170.csv,,14,-16.9312884848694,loss_of_separation
328,310321set2_1_KL181.csv_1_QR180.csv,,29,5.050012825005817,arrived
329,310321set2_1_SQ191.csv_1_TR190.csv,,30,4.793239714111986,arrived
330,310321set2_1_PR200.csv_1_TR201.csv,,42,-18.053977343007936,drift_away
331,310321set2_1_KL211.csv_1_KL210.csv,,37,2.359460682216744,arrived
332,310321set2_1_SQ221.csv_1_KL220.csv,,22,-18.467147324729442,loss_of_separation
333,310321set2_1_PR231.csv_1_KL230.csv,,29,5.768400421411336,arrived
334,310321set2_1_QR240.csv_1_3K241.csv,,43,-18.55727081165272,drift_away
335,310321set2_1_KL251.csv_1_TR250.csv,,14,-16.98859723322618,loss_of_separation
336,310321set2_1_SQ261.csv_1_GA260.csv,,30,5.580252356374771,arrived
337,310321set2_1_GA271.csv_1_GA270.csv,,14,-16.80266174407548,loss_of_separation
338,310321set2_1_PR281.csv_1_3K280.csv,,14,-14.94105887271063,loss_of_separation
339,310321set2_1_KL291.csv_1_QR290.csv,,38,2.319062700451175,arrived
340,100621set1_1_PR01.csv_1_QR00.csv,,28,-15.180067008390465,drift_away
341,100621set1_1_GA11.csv_1_QR10.csv,,29,-15.567061712957955,drift_away
342,100621set1_1_KL20.csv_1_KL21.csv,,43,-18.65517211518828,drift_away
343,100621set1_1_PR31.csv_1_KL30.csv,,29,5.10701655700083,arrived
344,100621set1_1_KL41.csv_1_TR40.csv,,14,-16.842972855783113,loss_of_separation
345,100621set1_1_KL51.csv_1_TR50.csv,,22,-18.374216943728708,loss_of_separation
346,100621set1_1_TR60.csv_1_KL61.csv,,43,-18.74349599128007,drift_away
347,100621set1_1_PR71.csv_1_GA70.csv,,37,2.138813660985403,arrived
348,100621set1_1_SQ80.csv_1_TR81.csv,,43,-18.58619758911418,drift_away
349,100621set1_1_SQ91.csv_1_PR90.csv,,35,3.902048522417111,arrived
350,100621set1_1_QR101.csv_1_TR100.csv,,28,-15.28185935105617,drift_away
351,100621set1_1_QR111.csv_1_QR110.csv,,38,2.2987850501463507,arrived
352,100621set1_1_PR121.csv_1_PR120.csv,,14,-16.938536724455915,loss_of_separation
353,100621set1_1_TR131.csv_1_GA130.csv,,14,-16.902779094908418,loss_of_separation
354,100621set1_1_TR141.csv_1_KL140.csv,,14,-16.7975333125103,loss_of_separation
355,100621set1_1_KL151.csv_1_SQ150.csv,,29,5.617940001910082,arrived
356,100621set1_1_GA161.csv_1_TR160.csv,,14,-16.918163102978234,loss_of_separation
357,100621set1_1_TR171.csv_1_TR170.csv,,29,5.2759343606892335,arrived
358,100621set1_1_QR180.csv_1_TR181.csv,,43,-18.872426531691474,drift_away
359,100621set1_1_KL191.csv_1_TR190.csv,,14,-17.089821076694783,loss_of_separation
360,100621set1_1_TR201.csv_1_PR200.csv,,14,-16.895745105491287,loss_of_separation
361,100621set1_1_KL210.csv_1_KL211.csv,,43,-18.55679957768848,drift_away
362,100621set1_1_GA221.csv_1_GA220.csv,,14,-16.78928026594395,loss_of_separation
363,100621set1_1_3K230.csv_1_KL231.csv,,43,-18.83084746352415,drift_away
364,100621set1_1_KL241.csv_1_3K240.csv,,38,2.441996963556477,arrived
365,100621set1_1_3K251.csv_1_SQ250.csv,,23,-18.30712500156816,loss_of_separation
366,100621set1_1_SQ260.csv_1_GA261.csv,,43,-18.65096181295883,drift_away
367,100621set1_1_3K271.csv_1_SQ270.csv,,28,-15.526893803621933,drift_away
368,100621set1_1_KL281.csv_1_GA280.csv,,38,2.211682701070692,arrived
369,100621set1_1_3K290.csv_1_TR291.csv,,43,-18.69039201775645,drift_away
370,150321set2_1_SQ01.csv_1_TR00.csv,,28,-15.238867488429854,drift_away
371,150321set2_1_SQ10.csv_1_GA11.csv,,43,-18.877113950436637,drift_away
372,150321set2_1_KL20.csv_1_PR21.csv,,43,-18.492905818845998,drift_away
373,150321set2_1_PR31.csv_1_QR30.csv,,29,5.094967016263883,arrived
374,150321set2_1_QR41.csv_1_KL40.csv,,29,5.771980256342349,arrived
375,150321set2_1_TR51.csv_1_PR50.csv,,28,-15.478757455551133,drift_away
376,150321set2_1_3K61.csv_1_KL60.csv,,14,-16.753845518451893,loss_of_separation
377,150321set2_1_SQ71.csv_1_SQ70.csv,,28,-15.620375780911633,drift_away
378,150321set2_1_QR81.csv_1_3K80.csv,,28,-15.440205674911432,drift_away
379,150321set2_1_GA90.csv_1_KL91.csv,,42,-18.19653391102031,drift_away
380,150321set2_1_PR100.csv_1_QR101.csv,,43,-18.631262494254585,drift_away
381,150321set2_1_QR110.csv_1_GA111.csv,,43,-18.834534577411937,drift_away
382,150321set2_1_TR121.csv_1_3K120.csv,,35,3.799100727880327,arrived
383,150321set2_1_QR130.csv_1_QR131.csv,,43,-18.69039201775645,drift_away
384,150321set2_1_GA140.csv_1_KL141.csv,,42,-18.530143791797897,drift_away
385,150321set2_1_PR151.csv_1_PR150.csv,,29,5.768400421411336,arrived
386,150321set2_1_3K160.csv_1_KL161.csv,,42,-18.477800486696353,drift_away
387,150321set2_1_GA170.csv_1_TR171.csv,,42,-18.479021929131935,drift_away
388,150321set2_1_QR181.csv_1_3K180.csv,,35,3.8416382712380486,arrived
389,150321set2_1_TR191.csv_1_GA190.csv,,14,-16.99083105787212,loss_of_separation
390,150321set2_1_3K201.csv_1_PR200.csv,,38,1.8024033044086156,arrived
391,150321set2_1_GA231.csv_1_GA230.csv,,29,5.1697730818721,arrived
392,150321set2_1_TR241.csv_1_GA240.csv,,14,-17.196269786094444,loss_of_separation
393,150321set2_1_PR250.csv_1_KL251.csv,,40,4.071810862786902,arrived
394,150321set2_1_QR261.csv_1_GA260.csv,,29,5.435592844219994,arrived
395,150321set2_1_3K271.csv_1_GA270.csv,,39,2.354855890455446,arrived
396,150321set2_1_GA281.csv_1_3K280.csv,,14,-16.843327591417033,loss_of_separation
397,150321set2_1_SQ291.csv_1_KL290.csv,,14,-15.040858196970436,loss_of_separation
398,050421set1_1_QR01.csv_1_QR00.csv,,28,-15.298972423313106,drift_away
399,050421set1_1_PR11.csv_1_GA10.csv,,29,5.889105661391338,arrived
400,050421set1_1_3K21.csv_1_GA20.csv,,29,6.079068991411056,arrived
401,050421set1_1_GA31.csv_1_PR30.csv,,35,4.062218860610851,arrived
402,050421set1_1_KL40.csv_1_KL41.csv,,45,-19.39871112465933,drift_away
403,050421set1_1_QR51.csv_1_PR50.csv,,22,-18.324824314061544,loss_of_separation
404,050421set1_1_GA61.csv_1_GA60.csv,,23,-18.271139189164707,loss_of_separation
405,050421set1_1_KL70.csv_1_3K71.csv,,43,-18.692251194848907,drift_away
406,050421set1_1_3K81.csv_1_PR80.csv,,14,-16.840055753616806,loss_of_separation
407,050421set1_1_SQ91.csv_1_GA90.csv,,39,2.135454617134248,arrived
408,050421set1_1_PR101.csv_1_3K100.csv,,29,4.995663720539918,arrived
409,050421set1_1_3K111.csv_1_KL110.csv,,14,-16.834210063538407,loss_of_separation
410,050421set1_1_SQ121.csv_1_QR120.csv,,28,-15.335505420304031,drift_away
411,050421set1_1_SQ131.csv_1_KL130.csv,,28,-15.285603700958703,drift_away
412,050421set1_1_3K141.csv_1_TR140.csv,,29,5.762813912422947,arrived
413,050421set1_1_TR151.csv_1_QR150.csv,,14,-16.91401223712459,loss_of_separation
414,050421set1_1_QR161.csv_1_KL160.csv,,29,5.6143076680922475,arrived
415,050421set1_1_QR171.csv_1_PR170.csv,,14,-15.0131017736488,loss_of_separation
416,050421set1_1_TR181.csv_1_PR180.csv,,14,-16.998760227181716,loss_of_separation
417,050421set1_1_3K191.csv_1_PR190.csv,,28,-15.331978541362187,drift_away
418,050421set1_1_3K201.csv_1_SQ200.csv,,29,5.233139407319784,arrived
419,050421set1_1_3K211.csv_1_TR210.csv,,29,5.442719513100268,arrived
420,050421set1_1_KL221.csv_1_QR220.csv,,28,-15.194340846822534,drift_away
421,050421set1_1_KL231.csv_1_TR230.csv,,28,-15.4810783194047,drift_away
422,050421set1_1_GA241.csv_1_3K240.csv,,29,5.474047067908745,arrived
423,050421set1_1_TR250.csv_1_SQ251.csv,,43,-18.302160649134674,drift_away
424,050421set1_1_GA261.csv_1_QR260.csv,,37,2.1805503468906737,arrived
425,050421set1_1_GA271.csv_1_KL270.csv,,35,3.9968872267566926,arrived
426,050421set1_1_KL281.csv_1_KL280.csv,,29,5.307129410438556,arrived
427,290321set2_1_3K01.csv_1_SQ00.csv,,28,-15.173847928554274,drift_away
428,290321set2_1_KL11.csv_1_KL10.csv,,34,4.061166710439272,arrived
429,290321set2_1_TR20.csv_1_GA21.csv,,43,-18.799206029567635,drift_away
430,290321set2_1_SQ31.csv_1_KL30.csv,,29,5.49954487250714,arrived
431,290321set2_1_TR41.csv_1_GA40.csv,,29,5.573733467299024,arrived
432,290321set2_1_SQ50.csv_1_3K51.csv,,43,-18.55727081165272,drift_away
433,290321set2_1_TR60.csv_1_PR61.csv,,43,-18.668695133101195,drift_away
434,290321set2_1_TR71.csv_1_QR70.csv,,40,1.5273826449862433,arrived
435,290321set2_1_GA81.csv_1_QR80.csv,,14,-16.782401051179228,loss_of_separation
436,290321set2_1_TR91.csv_1_SQ90.csv,,38,2.137298618579236,arrived
437,290321set2_1_GA101.csv_1_QR100.csv,,29,5.129001485821544,arrived
438,290321set2_1_TR111.csv_1_3K110.csv,,40,1.2749250119799829,arrived
439,290321set2_1_3K120.csv_1_PR121.csv,,42,-18.31502947980728,drift_away
440,290321set2_1_PR131.csv_1_3K130.csv,,38,2.4320029197562025,arrived
441,290321set2_1_3K141.csv_1_GA140.csv,,28,-15.028060070920601,drift_away
442,290321set2_1_3K150.csv_1_PR151.csv,,43,-18.953423468889387,drift_away
443,290321set2_1_QR161.csv_1_QR160.csv,,30,4.87605626391336,arrived
444,290321set2_1_GA171.csv_1_SQ170.csv,,28,-15.413652256001424,drift_away
445,290321set2_1_KL181.csv_1_SQ180.csv,,29,5.496611105256359,arrived
446,290321set2_1_TR191.csv_1_SQ190.csv,,14,-16.77244961595847,loss_of_separation
447,290321set2_1_QR201.csv_1_TR200.csv,,28,-15.196354182128529,drift_away
448,290321set2_1_SQ210.csv_1_3K211.csv,,44,-19.112452787144036,drift_away
449,290321set2_1_3K221.csv_1_3K220.csv,,14,-16.92446125881586,loss_of_separation
450,290321set2_1_3K231.csv_1_TR230.csv,,29,-15.648772582937458,drift_away
451,290321set2_1_GA240.csv_1_PR241.csv,,43,-18.699436317681727,drift_away
452,290321set2_1_QR251.csv_1_QR250.csv,,14,-16.872400125392957,loss_of_separation
453,290321set2_1_PR260.csv_1_PR261.csv,,43,-18.59953510680817,drift_away
454,290321set2_1_SQ271.csv_1_PR270.csv,,37,2.3418823042215937,arrived
455,290321set2_1_TR281.csv_1_3K280.csv,,29,5.155149650560873,arrived
456,290321set2_1_GA291.csv_1_SQ290.csv,,14,-16.969661977883522,loss_of_separation
457,290321set1_1_SQ01.csv_1_SQ00.csv,,28,-15.334017657527118,drift_away
458,290321set1_1_3K11.csv_1_TR10.csv,,36,3.975523416929441,arrived
459,290321set1_1_PR20.csv_1_PR21.csv,,42,-18.186974872041873,drift_away
460,290321set1_1_QR31.csv_1_SQ30.csv,,29,5.726261254585052,arrived
461,290321set1_1_GA41.csv_1_QR40.csv,,29,5.694906115865101,arrived
462,290321set1_1_3K51.csv_1_KL50.csv,,29,5.864238645768802,arrived
463,290321set1_1_TR61.csv_1_TR60.csv,,39,2.0528212791791907,arrived
464,290321set1_1_PR71.csv_1_GA70.csv,,28,-15.411241957390121,drift_away
465,290321set1_1_SQ81.csv_1_GA80.csv,,14,-16.98161968562946,loss_of_separation
466,290321set1_1_GA101.csv_1_GA100.csv,,36,3.729377388888431,arrived
467,290321set1_1_SQ111.csv_1_KL110.csv,,14,-16.999840447229797,loss_of_separation
468,290321set1_1_3K120.csv_1_QR121.csv,,43,-18.266716120681536,drift_away
469,290321set1_1_GA131.csv_1_PR130.csv,,29,5.251419426098312,arrived
470,290321set1_1_TR141.csv_1_KL140.csv,,28,-15.293264781608721,drift_away
471,290321set1_1_QR151.csv_1_TR150.csv,,14,-16.94558241208756,loss_of_separation
472,290321set1_1_GA161.csv_1_GA160.csv,,39,1.9850747883083875,arrived
473,290321set1_1_PR171.csv_1_KL170.csv,,28,-15.257761876557016,drift_away
474,290321set1_1_QR181.csv_1_GA180.csv,,29,4.971773803897333,arrived
475,290321set1_1_SQ191.csv_1_PR190.csv,,38,1.8173845467167329,arrived
476,290321set1_1_3K211.csv_1_KL210.csv,,29,5.7350069659458125,arrived
477,290321set1_1_3K221.csv_1_3K220.csv,,14,-17.12267250904712,loss_of_separation
478,290321set1_1_SQ231.csv_1_3K230.csv,,30,5.414627306509901,arrived
479,290321set1_1_QR241.csv_1_TR240.csv,,37,1.9135121875166856,arrived
480,290321set1_1_3K250.csv_1_PR251.csv,,42,-18.2512219487936,drift_away
481,290321set1_1_KL261.csv_1_GA260.csv,,30,4.6982404697825135,arrived
482,290321set1_1_KL271.csv_1_SQ270.csv,,14,-16.974888012401806,loss_of_separation
483,290321set1_1_TR281.csv_1_PR280.csv,,29,5.4867901412169,arrived
484,290321set1_1_PR291.csv_1_3K290.csv,,39,2.0942170009447594,arrived
485,290321set1_1_SQ301.csv_1_TR300.csv,,29,5.635829926884237,arrived
486,290321set1_1_TR311.csv_1_GA310.csv,,35,4.208422338571127,arrived
487,290321set1_1_PR320.csv_1_GA321.csv,,42,-18.28804905689098,drift_away
488,290321set1_1_PR330.csv_1_GA331.csv,,43,-18.33741993165395,drift_away
489,290321set1_1_GA341.csv_1_SQ340.csv,,14,-16.87989330439116,loss_of_separation
490,290321set1_1_PR351.csv_1_TR350.csv,,29,5.422676939711552,arrived
491,290321set1_1_SQ361.csv_1_TR360.csv,,39,1.8936678093525163,arrived
492,290321set1_1_KL371.csv_1_3K370.csv,,28,-15.279052789042126,drift_away
493,310321set1_1_SQ01.csv_1_QR00.csv,,29,5.201602267443365,arrived
494,310321set1_1_3K11.csv_1_SQ10.csv,,37,2.001320949391542,arrived
495,310321set1_1_TR21.csv_1_3K20.csv,,14,-16.959144872382588,loss_of_separation
496,310321set1_1_QR30.csv_1_PR31.csv,,40,4.239690539056719,arrived
497,310321set1_1_GA41.csv_1_PR40.csv,,38,2.1318220890425588,arrived
498,310321set1_1_KL50.csv_1_KL51.csv,,42,-18.155920013974637,drift_away
499,310321set1_1_SQ61.csv_1_TR60.csv,,14,-16.997080762147274,loss_of_separation
500,310321set1_1_3K71.csv_1_PR70.csv,,38,2.3332906755416163,arrived
501,310321set1_1_GA81.csv_1_TR80.csv,,29,5.429610037433296,arrived
502,310321set1_1_GA91.csv_1_GA90.csv,,14,-16.79506000914437,loss_of_separation
503,310321set1_1_SQ101.csv_1_QR100.csv,,29,5.8248681805349,arrived
504,310321set1_1_KL110.csv_1_SQ111.csv,,43,-18.65362307888418,drift_away
505,310321set1_1_TR121.csv_1_KL120.csv,,29,5.789431982669442,arrived
506,310321set1_1_GA130.csv_1_TR131.csv,,43,-18.561695837481935,drift_away
507,310321set1_1_KL141.csv_1_GA140.csv,,28,-15.584616483559294,drift_away
508,310321set1_1_SQ151.csv_1_3K150.csv,,35,3.952733844596281,arrived
509,310321set1_1_QR161.csv_1_SQ160.csv,,14,-16.935568009029943,loss_of_separation
510,310321set1_1_QR170.csv_1_SQ171.csv,,43,-18.94844550169953,drift_away
511,310321set1_1_QR181.csv_1_SQ180.csv,,38,2.2110813918451795,arrived
512,310321set1_1_QR190.csv_1_3K191.csv,,44,-18.359489737781182,drift_away
513,310321set1_1_PR201.csv_1_GA200.csv,,29,5.913786999791896,arrived
514,310321set1_1_GA211.csv_1_QR210.csv,,28,-15.411835704719081,drift_away
515,310321set1_1_GA221.csv_1_GA220.csv,,28,-15.49556886927438,drift_away
516,310321set1_1_TR231.csv_1_QR230.csv,,29,5.079777691720577,arrived
517,310321set1_1_QR241.csv_1_3K240.csv,,29,5.25310302936702,arrived
518,310321set1_1_3K251.csv_1_TR250.csv,,34,4.212158567467271,arrived
519,310321set1_1_PR261.csv_1_3K260.csv,,28,-15.283168935646406,drift_away
520,310321set1_1_SQ271.csv_1_TR270.csv,,28,-15.573170562711796,drift_away
521,310321set1_1_3K281.csv_1_TR280.csv,,38,1.8766519005091853,arrived
522,310321set1_1_KL291.csv_1_PR290.csv,,38,1.8520140132239646,arrived
523,260321set1_1_QR01.csv_1_KL00.csv,,28,-15.462400132218674,drift_away
524,260321set1_1_PR10.csv_1_TR11.csv,,40,3.927125749522772,arrived
525,260321set1_1_TR21.csv_1_SQ20.csv,,28,-15.337565145089926,drift_away
526,260321set1_1_QR31.csv_1_PR30.csv,,29,-15.711100773256192,drift_away
527,260321set1_1_TR41.csv_1_KL40.csv,,28,-15.595949742603064,drift_away
528,260321set1_1_SQ50.csv_1_QR51.csv,,19,-28.371903175967034,drift_away
529,260321set1_1_TR61.csv_1_SQ60.csv,,38,2.185950612959008,arrived
530,260321set1_1_KL71.csv_1_GA70.csv,,28,-15.303037004378812,drift_away
531,260321set1_1_GA81.csv_1_QR80.csv,,28,-15.502758527451302,drift_away
532,260321set1_1_GA91.csv_1_PR90.csv,,35,3.69012788395544,arrived
533,260321set1_1_TR100.csv_1_3K101.csv,,40,4.222773389447984,arrived
534,260321set1_1_QR111.csv_1_GA110.csv,,29,5.805292806157976,arrived
535,260321set1_1_KL121.csv_1_PR120.csv,,30,5.113505583780969,arrived
536,260321set1_1_TR131.csv_1_3K130.csv,,35,3.951578967126741,arrived
537,260321set1_1_QR141.csv_1_3K140.csv,,36,4.013515962050563,arrived
538,260321set1_1_3K151.csv_1_QR150.csv,,14,-16.913946347483588,loss_of_separation
539,260321set1_1_KL161.csv_1_PR160.csv,,29,5.8955399841436975,arrived
540,260321set1_1_QR171.csv_1_KL170.csv,,29,5.776393320090355,arrived
541,260321set1_1_GA181.csv_1_GA180.csv,,29,5.797296257913116,arrived
542,260321set1_1_TR190.csv_1_SQ191.csv,,44,-18.74990333344511,drift_away
543,260321set1_1_PR201.csv_1_GA200.csv,,29,5.231475025332816,arrived
544,260321set1_1_TR211.csv_1_GA210.csv,,21,-18.406617076249006,loss_of_separation
545,260321set1_1_TR231.csv_1_KL230.csv,,36,3.732492851283043,arrived
546,260321set1_1_TR241.csv_1_PR240.csv,,13,-14.97105923788584,loss_of_separation
547,260321set1_1_KL251.csv_1_3K250.csv,,28,-15.44003277864563,drift_away
548,260321set1_1_PR260.csv_1_QR261.csv,,40,4.249448953263889,arrived
549,260321set1_1_GA270.csv_1_SQ271.csv,,44,-19.226862907229467,drift_away
550,260321set1_1_GA281.csv_1_TR280.csv,,28,-15.252073820080476,drift_away
551,260321set1_1_PR291.csv_1_SQ290.csv,,37,2.418755288263468,arrived
552,260321set1_1_GA301.csv_1_PR300.csv,,30,5.876336833408336,arrived
553,260321set1_1_SQ311.csv_1_TR310.csv,,38,1.9748631521474644,arrived
554,260321set1_1_TR321.csv_1_SQ320.csv,,38,2.041024984398483,arrived
555,260321set1_1_TR331.csv_1_TR330.csv,,35,3.9813539959699478,arrived
556,260321set1_1_PR341.csv_1_PR340.csv,,29,5.736629628567918,arrived
557,260321set1_1_GA350.csv_1_3K351.csv,,42,-18.248740433450827,drift_away
558,260321set1_1_TR361.csv_1_3K360.csv,,35,4.126010407888841,arrived
559,260321set1_1_PR370.csv_1_SQ371.csv,,43,-18.97816661070177,drift_away
560,260321set1_1_QR381.csv_1_SQ380.csv,,28,-15.317156202334967,drift_away
561,260321set1_1_TR391.csv_1_3K390.csv,,14,-16.813422880380568,loss_of_separation
562,010321set2_1_KL01.csv_1_3K00.csv,,29,-16.317550822246435,drift_away
563,010321set2_1_SQ11.csv_1_QR10.csv,,28,-15.2182130536025,drift_away
564,010321set2_1_TR20.csv_1_KL21.csv,,40,3.8144184753199877,arrived
565,010321set2_1_KL31.csv_1_PR30.csv,,29,5.079769249893793,arrived
566,010321set2_1_PR41.csv_1_QR40.csv,,29,5.462822338306092,arrived
567,010321set2_1_TR50.csv_1_PR51.csv,,44,-18.93102332793369,drift_away
568,010321set2_1_SQ60.csv_1_3K61.csv,,45,-19.24608680581487,drift_away
569,010321set2_1_PR71.csv_1_QR70.csv,,29,6.052564545487633,arrived
570,010321set2_1_PR80.csv_1_GA81.csv,,11,-16.694296394718727,loss_of_separation
571,010321set2_1_KL91.csv_1_GA90.csv,,30,4.814815450411052,arrived
572,010321set2_1_KL100.csv_1_QR101.csv,,41,3.7778109440732592,arrived
573,010321set2_1_QR111.csv_1_3K110.csv,,30,-16.29243294865347,drift_away
574,190321set1_1_QR00.csv_1_3K01.csv,,40,4.021204228877935,arrived
575,190321set1_1_QR10.csv_1_3K11.csv,,44,-18.42735359763741,drift_away
576,190321set1_1_GA21.csv_1_3K20.csv,,14,-16.95218574804538,loss_of_separation
577,190321set1_1_TR31.csv_1_QR30.csv,,14,-17.08241587769889,loss_of_separation
578,190321set1_1_3K40.csv_1_SQ41.csv,,40,4.119627782702105,arrived
579,190321set1_1_TR50.csv_1_QR51.csv,,45,-19.43343635126147,drift_away
580,190321set1_1_KL61.csv_1_3K60.csv,,14,-16.994513049123086,loss_of_separation
581,190321set1_1_QR71.csv_1_KL70.csv,,29,6.0371393319147835,arrived
582,190321set1_1_TR81.csv_1_SQ80.csv,,29,5.356681471102027,arrived
583,190321set1_1_PR91.csv_1_3K90.csv,,38,2.564464853704104,arrived
584,190321set1_1_TR101.csv_1_TR100.csv,,38,2.4606097958617434,arrived
585,190321set1_1_QR111.csv_1_TR110.csv,,29,6.0007276593240615,arrived
586,190321set1_1_3K121.csv_1_QR120.csv,,37,2.485743012415938,arrived
587,190321set1_1_KL131.csv_1_TR130.csv,,28,-15.381741327914597,drift_away
588,190321set1_1_QR141.csv_1_TR140.csv,,34,3.984929364184337,arrived
589,190321set1_1_GA151.csv_1_KL150.csv,,28,-15.519263584573437,drift_away
590,190321set1_1_TR161.csv_1_SQ160.csv,,14,-16.83547396237043,loss_of_separation
591,190321set1_1_PR171.csv_1_TR170.csv,,14,-16.758061590702106,loss_of_separation
592,190321set1_1_TR181.csv_1_SQ180.csv,,28,-15.194340846822534,drift_away
593,190321set1_1_3K191.csv_1_PR190.csv,,30,5.030944631185861,arrived
594,190321set1_1_PR201.csv_1_3K200.csv,,28,-15.34516442425382,drift_away
595,190321set1_1_SQ211.csv_1_GA210.csv,,29,5.508141172695644,arrived
596,190321set1_1_PR221.csv_1_KL220.csv,,14,-16.768139833534484,loss_of_separation
597,190321set1_1_QR231.csv_1_3K230.csv,,28,-15.435737241492813,drift_away
598,190321set1_1_3K240.csv_1_PR241.csv,,42,-18.489952277097466,drift_away
599,190321set1_1_GA250.csv_1_KL251.csv,,43,-19.026887583580432,drift_away
600,190321set1_1_TR261.csv_1_SQ260.csv,,35,4.029921184126174,arrived
601,190321set1_1_GA271.csv_1_TR270.csv,,23,-17.96247347111989,loss_of_separation
602,190321set1_1_GA281.csv_1_TR280.csv,,14,-16.776621165490795,loss_of_separation
603,170321set2_1_QR00.csv_1_PR01.csv,,43,-18.554294144230703,drift_away
604,170321set2_1_3K11.csv_1_3K10.csv,,14,-15.040858196970436,loss_of_separation
605,170321set2_1_PR20.csv_1_3K21.csv,,40,4.216783804491223,arrived
606,170321set2_1_TR30.csv_1_TR31.csv,,43,-18.55727081165272,drift_away
607,170321set2_1_KL40.csv_1_QR41.csv,,40,3.6821214632832646,arrived
608,170321set2_1_QR51.csv_1_QR50.csv,,14,-16.92446125881586,loss_of_separation
609,170321set2_1_KL61.csv_1_QR60.csv,,14,-15.033108481718058,loss_of_separation
610,170321set2_1_GA70.csv_1_TR71.csv,,40,4.047691981017316,arrived
611,170321set2_1_SQ81.csv_1_TR80.csv,,14,-16.791529581967314,loss_of_separation
612,170321set2_1_3K91.csv_1_PR90.csv,,23,-18.10256109407348,loss_of_separation
613,170321set2_1_GA101.csv_1_QR100.csv,,23,-18.11340079269416,loss_of_separation
614,170321set2_1_GA110.csv_1_QR111.csv,,44,-18.142188538703014,drift_away
615,170321set2_1_TR121.csv_1_PR120.csv,,28,-15.375742387732004,drift_away
616,170321set2_1_3K131.csv_1_QR130.csv,,28,-15.40680910147291,drift_away
617,170321set2_1_PR141.csv_1_SQ140.csv,,14,-16.764714395014213,loss_of_separation
618,170321set2_1_3K151.csv_1_KL150.csv,,28,-15.37069948737139,drift_away
619,170321set2_1_TR161.csv_1_PR160.csv,,28,-15.234970302671506,drift_away
620,170321set2_1_QR170.csv_1_3K171.csv,,43,-18.69190607888141,drift_away
621,170321set2_1_PR181.csv_1_TR180.csv,,37,2.633818660187271,arrived
622,170321set2_1_QR191.csv_1_KL190.csv,,29,5.15544317863993,arrived
623,170321set2_1_GA201.csv_1_KL200.csv,,14,-16.896806674335238,loss_of_separation
624,170321set2_1_GA211.csv_1_3K210.csv,,29,5.646093213502029,arrived
625,170321set2_1_KL220.csv_1_PR221.csv,,20,-28.437462706733697,drift_away
626,170321set2_1_PR231.csv_1_KL230.csv,,23,-18.222221247428898,loss_of_separation
627,170321set2_1_SQ241.csv_1_KL240.csv,,29,5.612751931549689,arrived
628,170321set2_1_TR251.csv_1_GA250.csv,,22,-17.919943242524553,loss_of_separation
629,170321set2_1_KL261.csv_1_PR260.csv,,29,5.317033665828316,arrived
630,170321set2_1_PR271.csv_1_TR270.csv,,28,-15.51314849288688,drift_away
631,170321set2_1_TR281.csv_1_PR280.csv,,37,5.015920491300482,arrived
632,170321set2_1_KL291.csv_1_3K290.csv,,14,-16.940340378518222,loss_of_separation
633,170621set2_1_PR00.csv_1_TR01.csv,,42,-18.376614590417134,drift_away
634,170621set2_1_3K11.csv_1_GA10.csv,,14,-16.83457876694905,loss_of_separation
635,170621set2_1_SQ20.csv_1_TR21.csv,,43,-19.0147803960622,drift_away
636,170621set2_1_PR30.csv_1_3K31.csv,,40,4.0104754140349215,arrived
637,170621set2_1_SQ41.csv_1_3K40.csv,,29,5.402808189887675,arrived
638,170621set2_1_GA51.csv_1_QR50.csv,,37,2.4763217212030915,arrived
639,170621set2_1_TR61.csv_1_GA60.csv,,23,-17.896050388696388,loss_of_separation
640,170621set2_1_3K70.csv_1_PR71.csv,,42,-18.472670485693385,drift_away
641,170621set2_1_GA81.csv_1_GA80.csv,,29,5.319990220117285,arrived
642,170621set2_1_PR91.csv_1_SQ90.csv,,29,5.600930526276702,arrived
643,170621set2_1_KL101.csv_1_TR100.csv,,29,5.225246651359357,arrived
644,170621set2_1_GA111.csv_1_QR110.csv,,28,-15.455745713883104,drift_away
645,170621set2_1_3K121.csv_1_TR120.csv,,14,-16.793531930358668,loss_of_separation
646,170621set2_1_TR130.csv_1_SQ131.csv,,43,-18.6367261610007,drift_away
647,170621set2_1_KL141.csv_1_PR140.csv,,28,-15.534524998378878,drift_away
648,170621set2_1_PR151.csv_1_KL150.csv,,14,-17.33857302422105,loss_of_separation
649,170621set2_1_TR161.csv_1_3K160.csv,,23,-17.968942024570314,loss_of_separation
650,170621set2_1_GA171.csv_1_SQ170.csv,,28,-15.38665823974034,drift_away
651,170621set2_1_TR181.csv_1_PR180.csv,,14,-17.14060332299545,loss_of_separation
652,170621set2_1_PR191.csv_1_GA190.csv,,29,5.535339162602522,arrived
653,170621set2_1_GA201.csv_1_PR200.csv,,38,1.934359664914913,arrived
654,170621set2_1_PR211.csv_1_GA210.csv,,29,5.130989540263311,arrived
655,170621set2_1_SQ221.csv_1_GA220.csv,,28,-15.444445673764516,drift_away
656,170621set2_1_GA231.csv_1_PR230.csv,,29,5.522418158857459,arrived
657,170621set2_1_SQ241.csv_1_KL240.csv,,29,5.685587387438936,arrived
658,170621set2_1_TR251.csv_1_GA250.csv,,39,2.173477637347684,arrived
659,170621set2_1_SQ260.csv_1_QR261.csv,,42,-18.207579675529843,drift_away
660,170621set2_1_GA270.csv_1_SQ271.csv,,42,-18.35556688644455,drift_away
661,170621set2_1_QR291.csv_1_TR290.csv,,14,-16.772888332007362,loss_of_separation
662,170621set2_1_KL301.csv_1_QR300.csv,,29,5.59809207740387,arrived
663,170621set2_1_KL311.csv_1_TR310.csv,,38,2.404441538788081,arrived
664,170621set2_1_TR321.csv_1_3K320.csv,,24,-18.276746793634338,loss_of_separation
665,170621set2_1_KL331.csv_1_PR330.csv,,30,4.744033664152463,arrived
666,170621set2_1_GA340.csv_1_3K341.csv,,43,-18.553872525556606,drift_away
667,170621set2_1_3K350.csv_1_GA351.csv,,43,-18.68104616758818,drift_away
668,170621set2_1_PR361.csv_1_QR360.csv,,28,-15.183926295776887,drift_away
669,170621set2_1_PR371.csv_1_PR370.csv,,28,-15.366133197303352,drift_away
670,170621set2_1_SQ381.csv_1_3K380.csv,,28,-15.523588749870651,drift_away
671,170621set2_1_TR391.csv_1_3K390.csv,,28,-15.235732434876287,drift_away
